DateTime,CO,NO2,SO2,O3,PM25,TEMP,HUMIDITY,AQI,AQI_Lag1,Predicted_AQI,Residuals,Anom_Score,Status,Event,Duration
2026-01-29 09:43:18.566318,70.89481397713719,59.96279740725796,97.81841179966975,143.03005969682096,29.20598312191192,31.172487191168436,122.00695299308495,29.20598312191192,29.20598312191192,29.726499592199843,-0.520516470287923,0.04459656372452392,Normal,0,1
2026-01-30 09:43:18.566318,142.35416705770967,83.818811329222,102.13390492795068,143.8980576072593,60.21479990199394,33.64095646438717,70.01264123502135,60.21479990199394,29.20598312191192,60.24866720179115,-0.03386729979720826,0.15465840835554162,Normal,0,2
2026-01-31 09:43:18.566318,73.8898741131738,25.83972347017491,65.68787952055212,118.87299193408352,104.75025942585422,95.43303635484939,23.043373421088067,104.75025942585422,60.21479990199394,102.60742491207088,2.1428345137833418,0.11052589630476561,Normal,0,3
2026-02-01 09:43:18.566318,26.17060892943404,130.86741360078003,150.5278002799853,135.16594246819,108.43268321140647,140.29720440528055,88.86737634843513,108.43268321140647,104.75025942585422,108.1153253665124,0.3173578448940759,0.14013116396838438,Normal,0,4
2026-02-02 09:43:18.566318,94.8387648985195,79.78444868433988,88.54939965229048,142.27089997075214,61.77554355445022,129.0921539245898,39.41427928086509,61.77554355445022,108.43268321140647,60.444494197034544,1.3310493574156794,0.14117972814657131,Normal,0,5
2026-02-03 09:43:18.566318,110.71837119873933,150.32683474065277,141.0375710613548,11.628264353368104,105.67304241953894,134.92467831396826,106.90588565443308,105.67304241953894,61.77554355445022,104.98423232665873,0.6888100928802174,0.11421926924914971,Normal,0,6
2026-02-04 09:43:18.566318,61.10173926479895,120.68848705111908,65.90222861085788,139.92391907270377,19.31338806522775,130.78159996121533,15.116199231380945,19.31338806522775,105.67304241953894,21.041564638069566,-1.728176572841818,0.08023318646253819,Normal,0,7
2026-02-05 09:43:18.566318,102.17454829177524,76.4165918675686,93.40992145661929,88.57334033633221,84.31111705769975,45.322284053740546,137.32727383961554,84.31111705769975,19.31338806522775,84.4485702910881,-0.13745323338835647,0.10094066509216443,Normal,0,8
2026-02-06 09:43:18.566318,42.58357182358158,33.094261455775616,99.4379312445916,98.70756701904388,143.422469486901,107.79863702109233,79.85516850458853,143.422469486901,84.31111705769975,112.345980732846,31.076488754055006,-0.005262532603137027,Anomaly,1,9
2026-02-07 09:43:18.566318,140.79000928191797,154.2202128479447,137.88508149624084,26.88709331829802,107.5238632316476,118.53746164524584,80.88759630907595,107.5238632316476,143.422469486901,107.19682941114026,0.32703382050733865,0.13473563829214774,Normal,0,10
2026-02-08 09:43:18.566318,8.935280758079871,45.604805990928476,37.49328219168601,26.65247796629344,132.93606511630338,-0.09920795827651219,67.2413119634594,132.93606511630338,107.5238632316476,134.00510492706016,-1.0690398107567773,0.04407017023919613,Normal,1,11
2026-02-09 09:43:18.566318,76.81115061107107,44.52994749419009,48.065476303705495,6.629490642226116,88.15050445565782,65.62749685042891,41.24718979623871,88.15050445565782,132.93606511630338,89.37695550860688,-1.2264510529490593,0.12530696867162355,Normal,0,12
2026-02-10 09:43:18.566318,72.1357297604195,86.9574869236393,77.87733456204715,88.32224494643289,90.01898358125075,48.1537738970455,139.64244346288427,90.01898358125075,88.15050445565782,85.16741894822886,4.851564633021894,0.08558205697410565,Normal,0,13
2026-02-11 09:43:18.566318,136.80897734082825,132.67833185149544,92.47048255067888,141.0376192466348,55.96048898409207,40.00878347433011,131.19208234415913,55.96048898409207,90.01898358125075,57.31442057634594,-1.3539315922538648,0.1239370643912382,Normal,0,14
2026-02-12 09:43:18.566318,104.4792654833763,36.008457685969915,77.00256402822279,16.67772696855544,120.98773004334753,93.7917816211071,26.17184130865848,120.98773004334753,55.96048898409207,112.94702852331051,8.040701520037018,0.0995093888718313,Normal,0,15
2026-02-13 09:43:18.566318,83.52228216549453,13.198754576207236,63.4154982799884,36.47359812251184,60.156465916398474,71.25255103369732,129.1007089590834,60.156465916398474,120.98773004334753,61.15481068614308,-0.9983447697446053,0.1551199279843124,Normal,0,16
2026-02-14 09:43:18.566318,57.877494507601796,74.07214508059458,15.030412751799847,68.21541049279185,1.7449123056713862,61.17627797358285,90.32151420313815,1.7449123056713862,60.156465916398474,37.087422860487806,-35.34251055481642,0.0013035976175392872,Normal,0,17
2026-02-15 09:43:18.566318,69.10682768154885,56.80748720853519,66.37419081945521,83.54178328839308,3.3722907064324694,23.328765080671417,98.021301689215,3.3722907064324694,1.7449123056713862,12.191004026196495,-8.818713319764026,-0.01146298564886461,Anomaly,0,18
2026-02-16 09:43:18.566318,89.02309893228255,118.8174840764634,82.76988730244243,143.23343857232993,73.77897776963833,102.5153140958762,127.33562460557576,73.77897776963833,3.3722907064324694,74.5052503670882,-0.7262725974498636,0.07116295429812991,Normal,0,19
2026-02-17 09:43:18.566318,119.75201205335736,96.28592450671808,101.2177573403344,48.808938049914495,151.14921916964826,4.339086832387354,112.49857566512216,151.14921916964826,73.77897776963833,143.99612919220772,7.153089977440544,-0.007696115974613615,Anomaly,1,20
2026-02-18 09:43:18.566318,11.908589682488378,80.8463533395314,101.95534134634906,45.65122813142095,52.81805917062013,135.24963954648084,46.127798388792755,52.81805917062013,151.14921916964826,53.990356964475424,-1.172297793855293,0.1441676387578305,Normal,0,21
2026-02-19 09:43:18.566318,26.385245802894413,79.02560489622509,53.10917015038653,-0.8488472633497395,19.844646680024013,49.530902670906016,60.69312383322494,19.844646680024013,52.81805917062013,23.939298644877574,-4.094651964853561,0.08348359620074186,Normal,0,22
2026-02-20 09:43:18.566318,1.1941230544549368,45.311727764042296,77.40994793763223,72.56936844540796,53.4555068084252,119.11686724816091,18.58521623847578,53.4555068084252,19.844646680024013,54.32312450540113,-0.8676176969759339,0.15179580239654566,Normal,0,23
2026-02-21 09:43:18.566318,115.21955887953496,117.10899615987039,136.52480364135505,38.796153660388235,99.49551374733147,73.34667210992532,122.52190086950472,99.49551374733147,53.4555068084252,99.6063152528074,-0.11080150547593348,0.12669246126972605,Normal,0,24
2026-02-22 09:43:18.566318,76.03464741846139,110.91488908275221,92.75221582060509,129.38776912560593,11.05748932851404,36.90579969759831,37.50474095925235,11.05748932851404,99.49551374733147,25.494666125367864,-14.437176796853825,0.013701614026603304,Normal,0,25
2026-02-23 09:43:18.566318,66.92608360766302,64.29284127106466,89.29029215037181,86.20554907505382,66.9670876306605,83.69843447253709,16.404678146615307,66.9670876306605,11.05748932851404,67.8793704116745,-0.9122827810139995,0.0981644666360138,Normal,0,26
2026-02-24 09:43:18.566318,100.47490099722336,40.94944565089377,101.2673555376518,6.219418701207133,60.48262569463467,105.40925946565596,47.12485326784913,60.48262569463467,66.9670876306605,66.07888375543891,-5.596258060804239,0.14749398182132062,Normal,0,27
2026-02-25 09:43:18.566318,46.744760565150344,109.17811329940888,76.32861386955626,18.460744894904092,20.983404700414027,105.21179176298845,93.8185835728415,20.983404700414027,60.48262569463467,34.849234587516094,-13.865829887102066,0.05736865130072266,Normal,0,28
2026-02-26 09:43:18.566318,44.25747278241387,149.4126515206142,34.6990423427666,8.93430306563096,112.30735890099636,146.81282777387446,83.9811645957575,112.30735890099636,20.983404700414027,112.49029225375213,-0.18293335275576794,0.09709743061936299,Normal,0,29
2026-02-27 09:43:18.566318,115.99725564837784,56.4691760688311,91.73086704715837,14.121373447006594,152.76080185970068,119.97023597555578,15.609330899485755,152.76080185970068,112.30735890099636,149.25125217080577,3.509549688894907,0.012564486234473593,Normal,1,30
2026-02-28 09:43:18.566318,95.77473745357247,58.92792690949017,50.18192700767459,93.21162232409556,97.12824025541275,63.15507446347516,59.117435936437865,97.12824025541275,152.76080185970068,94.51178869140742,2.616451564005331,0.13967249931205666,Normal,0,31
2026-03-01 09:43:18.566318,10.249802206536248,102.1813006930133,10.5260139331866,25.38138629900167,99.66743634014472,101.90860369907439,83.84056649338244,99.66743634014472,97.12824025541275,98.30905556004558,1.3583807800991394,0.13360904826555575,Normal,0,32
2026-03-02 09:43:18.566318,75.48449517093633,29.104677141612857,158.52858886976244,66.20928946160906,135.38297955487297,70.08380400224804,113.28576672397733,135.38297955487297,99.66743634014472,131.91449282444583,3.468486730427145,0.0669205424541045,Normal,1,33
2026-03-03 09:43:18.566318,131.55173094588915,30.18935662325843,110.38475483198269,44.440570778723504,57.40729433877839,26.341717028624945,107.63546260234929,57.40729433877839,135.38297955487297,57.74181520338592,-0.3345208646075264,0.12552200853354245,Normal,0,34
2026-03-04 09:43:18.566318,12.858094505801093,59.48981058129339,15.560740590870465,26.422251918397777,145.48968744464008,54.141744419595824,15.675650458752694,145.48968744464008,57.40729433877839,142.7985148348899,2.691172609750197,0.03992549107969767,Normal,1,35
2026-03-05 09:43:18.566318,130.15129937929308,30.865184606722316,104.10237641375763,45.79317721571759,60.063839492623885,12.582676568577405,40.121875615446775,60.063839492623885,145.48968744464008,59.12896921923198,0.9348702733919012,0.15370727996870903,Normal,0,36
2026-03-06 09:43:18.566318,106.87405220817334,12.198950424747876,61.13649370406658,117.33903977651792,44.41968877855624,65.65176229008692,107.15885889554454,44.41968877855624,60.063839492623885,55.3401329419102,-10.920444163353956,0.08062975541091277,Normal,0,37
2026-03-07 09:43:18.566318,151.05068124530288,103.27768089193312,115.90706199371454,25.525910866463345,44.909856729561405,66.67193377550873,-1.747374665254009,44.909856729561405,44.41968877855624,46.11865826825815,-1.208801538696747,0.07939783797676259,Normal,0,38
2026-03-08 09:43:18.566318,65.5847242606792,44.17876900739326,-0.13428930295007557,9.98734812126661,70.90970470801616,16.456553316260454,107.34371813814691,70.90970470801616,44.909856729561405,67.26504870098375,3.6446560070324097,0.0892829196567606,Normal,0,39
2026-03-09 09:43:18.566318,32.56063102418601,48.706585176991894,123.21398620946563,157.67605371200798,51.45953122797325,127.64785825365496,31.936301511404857,51.45953122797325,70.90970470801616,51.937334355245426,-0.4778031272721748,0.12219787154366973,Normal,0,40
2026-03-10 09:43:18.566318,36.78487826293075,117.73043063940656,7.226991930734949,46.75330414597793,62.72441662036172,101.93548251033782,72.02688646823029,62.72441662036172,51.45953122797325,62.4785387690789,0.24587785128282036,0.1371391335626136,Normal,0,41
2026-03-11 09:43:18.566318,98.76484755459475,11.20542786840118,0.3070987233149438,68.22477378797909,144.92574082763275,64.4361837764265,12.796848404962239,144.92574082763275,62.72441662036172,145.57347584544544,-0.6477350178126926,0.027280828923855638,Normal,1,42
2026-03-12 09:43:18.566318,134.863561243648,98.2591654107582,101.15131566962214,46.337034225651884,122.75947924585466,13.754794193026068,93.81610217168954,122.75947924585466,144.92574082763275,121.57860249205768,1.18087675379698,0.0994165824597858,Normal,1,43
2026-03-13 09:43:18.566318,67.61019344706467,98.52075296954665,117.43740253767623,112.555915847998,54.36130664229138,-0.010243254726386652,96.42571556690444,54.36130664229138,122.75947924585466,57.791118781313564,-3.4298121390221823,0.14572588059934344,Normal,0,44
2026-03-14 09:43:18.566318,62.81472947769386,165.6573201268468,35.539161249954965,40.883257921665695,145.39389719254254,132.78989951495612,125.45116637309772,145.39389719254254,54.36130664229138,144.13325435988028,1.2606428326622563,0.04496893920289102,Normal,1,45
2026-03-15 09:43:18.566318,105.82722091924731,58.56569524138114,32.183329249444604,121.16502659525854,84.5252011756006,-0.39852611156799966,111.38022785238132,84.5252011756006,145.39389719254254,85.34052001257044,-0.815318836969837,0.10982349459863167,Normal,0,46
2026-03-16 09:43:18.566318,101.43493139947121,42.66661408603919,16.27149864478385,126.50363845124507,123.77667223002793,87.17552643755894,43.5957424245917,123.77667223002793,84.5252011756006,117.11535653596329,6.6613156940646405,0.08432769030718612,Normal,1,47
2026-03-17 09:43:18.566318,36.603582169828904,52.38429244659844,32.647652034759716,15.995111211903819,97.17020321393116,59.63558767552266,61.74300291803363,97.17020321393116,123.77667223002793,94.21503192926856,2.9551712846625975,0.13959587217367525,Normal,0,48
2026-03-18 09:43:18.566318,89.63993553319968,55.42353924940247,80.21655448913202,63.01237321720116,84.8499296584852,138.86596885045716,145.06150393917287,84.8499296584852,97.17020321393116,84.63895863294778,0.2109710255374182,0.10501454399449073,Normal,0,49
2026-03-19 09:43:18.566318,65.00612877686056,126.32633403391922,46.20829448062678,135.21943191598254,111.90607349627074,140.7879547651732,48.53733012761304,111.90607349627074,84.8499296584852,108.68394287059095,3.2221306256797817,0.11390411244119059,Normal,0,50
2026-03-20 09:43:18.566318,138.14472808126266,111.88347833045913,27.823664513383985,46.91624232903835,61.297702979098574,102.76636779352377,82.00249784917725,61.297702979098574,111.90607349627074,62.892797887344855,-1.5950949082462813,0.14171844537816758,Normal,0,51
2026-03-21 09:43:18.566318,77.79523762944376,87.04155075491474,116.37675739654622,23.050253829157427,108.02733981801397,29.32855724977275,15.182123211162859,108.02733981801397,61.297702979098574,99.2777045352316,8.749635282782364,0.13364455582892143,Normal,0,52
2026-03-22 09:43:18.566318,18.240723452935374,42.12633829890254,41.87349161212167,93.3131932707214,127.0718332463196,56.40222850322191,100.85501778189628,127.0718332463196,108.02733981801397,120.14024844481692,6.93158480150268,0.04391464313376148,Normal,1,53
2026-03-23 09:43:18.566318,35.33029674408575,52.65369799598273,110.8423135207652,81.29387197775308,120.73232532202687,30.645649732862225,35.09939398160399,120.73232532202687,127.0718332463196,114.6406701396755,6.09165518235136,0.09978034179850614,Normal,0,54
2026-03-24 09:43:18.566318,32.89246771611093,157.14421883922748,68.47452290512753,-3.902282361016244,135.00687089156582,17.452756176334944,57.84931760860715,135.00687089156582,120.73232532202687,132.37527014374197,2.6316007478238532,0.06672090833762678,Normal,1,55
2026-03-25 09:43:18.566318,111.96762694166252,10.301654580941454,111.57845057092798,101.41727417881421,49.75668790691719,90.73190338483893,85.04269242550953,49.75668790691719,135.00687089156582,52.26478254865123,-2.50809464173404,0.10946751015932316,Normal,0,56
2026-03-26 09:43:18.566318,15.375356014693097,97.85063023763179,132.0303009997865,137.4521254835413,151.70999960184102,18.972670967457272,10.97590748795735,151.70999960184102,49.75668790691719,148.88118057106044,2.828819030780579,0.004551897947881245,Normal,1,57
2026-03-27 09:43:18.566318,106.02265341256069,42.23238172233489,18.066142436054207,143.64794316642318,87.72352158739147,38.789331045471464,127.09749855888553,87.72352158739147,151.70999960184102,86.50624836607102,1.217273221320454,0.11618737607837404,Normal,0,58
2026-03-28 09:43:18.566318,3.026480573426042,91.59446916236703,14.802090809625614,75.30126500744852,122.87800679826364,67.09012329210789,48.45920238366985,122.87800679826364,87.72352158739147,122.51037747490955,0.3676293233540946,0.10122747078237532,Normal,1,59
2026-03-29 09:43:18.566318,35.330608671518235,155.63329570991962,139.93107091316887,33.88595849693873,-3.202343810515755,13.010818006924183,117.0560973452465,-3.202343810515755,122.87800679826364,-1.0828676997178661,-2.119476110797889,-0.12390828392840503,Anomaly,0,60
2026-03-30 09:43:18.566318,79.90086851055781,7.358529712542126,93.98488917668152,31.19204309167105,136.6036987488598,110.26069398435764,60.439539123846785,136.6036987488598,-3.202343810515755,136.65888162752904,-0.05518287866922833,0.037660258119392886,Normal,1,61
2026-03-31 09:43:18.566318,20.270818493230685,35.311007026159686,25.032799697249864,147.47954249389437,130.7514715674033,68.00079916818,54.07283681191469,130.7514715674033,136.6036987488598,130.70869784781735,0.04277371958596632,0.04196833470666361,Normal,1,62
2026-04-01 09:43:18.566318,77.66049556219535,14.267406809909307,50.41577768018915,141.86915475250692,9.583932398054964,30.438669056666388,53.4126754798864,9.583932398054964,130.7514715674033,14.000495190001686,-4.416562791946722,0.021015179514330073,Normal,0,63
2026-04-02 09:43:18.566318,52.18083639352268,109.60257036991563,41.65416010792299,3.1641344090460084,99.7269847449056,148.78303986827777,83.50561779415176,99.7269847449056,9.583932398054964,97.98325779223241,1.7437269526731853,0.13622276349601126,Normal,0,64
2026-04-03 09:43:18.566318,115.5659820467891,111.59172316621574,12.89721240754325,157.7963797976861,54.810364514057305,34.63561832800215,100.12495990730349,54.810364514057305,99.7269847449056,53.618612818693194,1.1917516953641112,0.13716251832573362,Normal,0,65
2026-04-04 09:43:18.566318,33.43538087098415,23.629142189472624,121.11088671090714,109.66235232116584,88.40688434957934,86.16979742777151,86.33573295217117,88.40688434957934,54.810364514057305,94.54346740426075,-6.1365830546814095,0.11903976384139936,Normal,0,66
2026-04-05 09:43:18.566318,5.6010127371283485,124.17721968699779,3.2754730588245398,76.14808155618091,152.9036549907779,124.6242855219057,76.32825107951078,152.9036549907779,88.40688434957934,151.6326559242392,1.2709990665387068,0.006838744653611339,Normal,1,67
2026-04-06 09:43:18.566318,50.815311692907144,90.009852036767,17.543318863929755,13.741060079788772,53.59210232663027,78.19980374923436,65.46541882604402,53.59210232663027,152.9036549907779,55.020888241903734,-1.4287859152734654,0.15510892045764285,Normal,0,68
2026-04-07 09:43:18.566318,41.63204323092618,102.1929358445811,101.86192769144179,16.104708560214227,7.848025186389351,115.14759259977586,21.320491642556867,7.848025186389351,53.59210232663027,13.756106691150322,-5.908081504760971,0.0002769754001651359,Normal,0,69
2026-04-08 09:43:18.566318,148.05854668389077,14.220043851722671,47.06692754034634,73.82792430418482,111.73769880330826,96.79512228635437,123.31206502453905,111.73769880330826,7.848025186389351,110.96444072815777,0.773258075150494,0.11155347015940403,Normal,0,70
2026-04-09 09:43:18.566318,72.15970659497097,155.23416578283408,102.4278240644771,109.545855998108,53.711462262025364,141.02957820072595,47.817949553250415,53.711462262025364,111.73769880330826,55.324129634777044,-1.6126673727516803,0.15476309955218476,Normal,0,71
2026-04-10 09:43:18.566318,90.40501495237778,123.55638909964885,76.12989155993063,-4.9746928169185445,96.60923942076279,157.4916145125285,34.15446011460688,96.60923942076279,53.711462262025364,95.38748245345128,1.2217569673115065,0.12930906161633127,Normal,0,72
2026-04-11 09:43:18.566318,53.38518395951276,40.975018049452835,80.68824339635914,142.86985136095495,15.071268699719452,109.36884279060888,119.05469644292282,15.071268699719452,96.60923942076279,26.6393040711718,-11.568035371452348,0.026755510313352104,Normal,0,73
2026-04-12 09:43:18.566318,76.89622850844329,53.03681591166706,94.24401588779517,78.55135695850228,109.05360422854967,69.3058957050444,107.13075793907593,109.05360422854967,15.071268699719452,91.1045380193824,17.94906620916727,0.12814387953317102,Normal,0,74
2026-04-13 09:43:18.566318,89.13649234332222,106.33253030281631,110.33364475126415,7.382338344629822,41.379339312335674,66.18865698022667,105.91508756778352,41.379339312335674,109.05360422854967,43.5041214496908,-2.124782137355126,0.046305489936327215,Normal,0,75
2026-04-14 09:43:18.566318,125.69147494482836,69.11566808219538,156.8784579425414,101.05624099421662,108.3342928941192,40.14801559041646,134.93239509136254,108.3342928941192,41.379339312335674,110.13800118008017,-1.8037082859609654,0.14202957143441292,Normal,0,76
2026-04-15 09:43:18.566318,11.71273098207984,124.80786376019893,75.69479399433753,150.2594064308983,18.04126265220635,25.4807135956654,120.52928257152885,18.04126265220635,108.3342928941192,18.63148250758428,-0.5902198553779314,0.08832195022473793,Normal,0,77
2026-04-16 09:43:18.566318,28.998008159900643,149.69341725485535,54.65428983134549,131.81362334919353,17.206083415717675,121.91918865727551,161.46565715452735,17.206083415717675,18.04126265220635,17.816433526261605,-0.61035011054393,0.07565990062444783,Normal,0,78
2026-04-17 09:43:18.566318,4.193836606579207,51.67047507211054,124.56711324653104,89.16305652817594,28.524285340981443,99.33430537621737,90.11409438082721,28.524285340981443,17.206083415717675,29.973680888954043,-1.4493955479725997,0.03783261951171546,Normal,0,79
2026-04-18 09:43:18.566318,48.6035320838853,18.214024190730363,139.5094371612774,147.20525815148864,35.9848274772454,128.01221651647683,77.11841896410841,35.9848274772454,28.524285340981443,36.960004155146976,-0.9751766779015725,0.06066796502282723,Normal,0,80
2026-04-19 09:43:18.566318,5.487207310164255,81.61885656162576,-4.664420924981796,40.782938176061165,17.550774993010574,-12.986014032481483,71.74745962254997,17.550774993010574,35.9848274772454,17.605960042805165,-0.05518504979459138,0.09090693468134586,Normal,0,81
2026-04-20 09:43:18.566318,126.80854563411611,60.77292634815429,23.489250249399497,85.4527978523691,154.22473330323797,-28.123290315510424,94.44136465947432,154.22473330323797,17.550774993010574,153.2200355254727,1.0046977777652728,-0.08458675895651635,Anomaly,1,82
2026-04-21 09:43:18.566318,4.889616001557057,103.50934094071812,59.683620329206505,55.657403324877734,80.40771354559986,51.741704858838915,135.31974374430976,80.40771354559986,154.22473330323797,80.3116108239201,0.09610272167975609,0.06036132256155924,Normal,0,83
2026-04-22 09:43:18.566318,127.74569264248882,38.70958135672402,114.36756014879249,11.833898131359565,2.094600855140989,9.738458977341015,61.40851259226843,2.094600855140989,80.40771354559986,8.052721123018557,-5.958120267877568,0.012332649239553017,Normal,0,84
2026-04-23 09:43:18.566318,77.72302043560404,115.93053091794947,114.94085166527417,110.2721694831391,71.68766018790912,119.30149319767894,35.48052411113662,71.68766018790912,2.094600855140989,71.3617987359083,0.3258614520008223,0.10659975308418823,Normal,0,85
2026-04-24 09:43:18.566318,78.86108975126797,26.948038863051927,43.80342183627138,126.23311127230419,107.06557717276283,66.8029670929584,102.28568466020265,107.06557717276283,71.68766018790912,86.96599882049341,20.09957835226942,0.1304932653745643,Normal,0,86
2026-04-25 09:43:18.566318,108.53791287642099,86.50699688993217,45.42787548609202,144.76748904016205,49.42490809925315,39.38798579417036,69.06242975296111,49.42490809925315,107.06557717276283,49.929477391078095,-0.5045692918249429,0.10512539732977,Normal,0,87
2026-04-26 09:43:18.566318,133.05025103636217,61.70374920424999,41.815106871087686,76.87083178495519,71.69533369401297,83.36468422971024,50.68359912973904,71.69533369401297,49.42490809925315,73.86305124856382,-2.1677175545508476,0.1062027351983249,Normal,0,88
2026-04-27 09:43:18.566318,114.98362332818759,43.28606600960607,125.37751607033967,116.30884446429204,78.19151547297086,141.4416409107041,34.63914330810674,78.19151547297086,71.69533369401297,80.2286810628081,-2.037165589837244,0.06287810773076419,Normal,0,89
2026-04-28 09:43:18.566318,77.02304141714222,74.687747412115,116.64391919147886,113.88422831322494,36.2801439018272,31.42755553817237,16.597445321555455,36.2801439018272,78.19151547297086,44.32090701809983,-8.040763116272629,0.06066796502282723,Normal,0,90
2026-04-29 09:43:18.566318,68.19047920175407,153.1526131043211,79.04045956041773,145.03315176376606,96.03948986439309,70.64650105366472,111.69249916287794,96.03948986439309,36.2801439018272,93.54282356710436,2.4966662972887264,0.11265373822492653,Normal,0,91
2026-04-30 09:43:18.566318,122.90284466635659,68.77137593370787,118.68272475910528,115.76381569260066,99.83309376775502,47.677400330782966,62.630418344487694,99.83309376775502,96.03948986439309,88.86284894229301,10.970244825462004,0.12883524735000612,Normal,0,92
2026-05-01 09:43:18.566318,7.791462796533161,78.5475431574931,11.83412023441804,151.13172954671208,32.42466198270542,14.735311166637834,134.6280845720948,32.42466198270542,99.83309376775502,32.73930776063497,-0.31464577792954884,0.03911386397746475,Normal,0,93
2026-05-02 09:43:18.566318,5.707740632059882,6.521226386755275,87.27272294765221,6.092588042615295,58.95844349322042,48.1066195872906,5.388609502916207,58.95844349322042,32.42466198270542,59.51099921615537,-0.5525557229349474,0.12678705897264347,Normal,0,94
2026-05-03 09:43:18.566318,144.11012926945503,143.31119519934992,105.94635861895011,89.24835042845616,97.7626403158363,105.2556341867228,119.93596255137824,97.7626403158363,58.95844349322042,98.87677517203241,-1.1141348561961166,0.12762515974765637,Normal,0,95
2026-05-04 09:43:18.566318,108.21551812196196,142.39542758939834,101.57514703797831,76.16487012419643,118.15373584101327,36.773953986536064,84.3861587869088,118.15373584101327,97.7626403158363,114.73470845289415,3.419027388119119,0.05570019605368759,Normal,0,96
2026-05-05 09:43:18.566318,72.5713976805393,93.0270156047909,126.69200379217295,48.553527649526416,62.40155835777733,32.14017662657787,25.039022917182095,62.40155835777733,118.15373584101327,67.46684604054713,-5.065287682769792,0.14157827972212628,Normal,0,97
2026-05-06 09:43:18.566318,121.9548520577817,106.49560028468568,-10.717105966759904,62.324633569396255,107.16982087564143,0.8272184667886489,28.879582875917208,107.16982087564143,62.40155835777733,107.1743681218643,-0.0045472462228701716,0.13287307108339874,Normal,0,98
2026-05-07 09:43:18.566318,88.33021920970901,130.3532631495681,157.32838897079841,133.03619400653244,68.0200759580497,26.43492904927158,61.538205583757204,68.0200759580497,107.16982087564143,66.77012748089895,1.2499484771507525,0.09569358182128673,Normal,0,99
2026-05-08 09:43:18.566318,144.37005974453305,49.98119629798031,58.65913251249778,65.82099757492882,63.781195940875364,60.754748755000904,132.91650042001896,63.781195940875364,68.0200759580497,64.59788562052755,-0.8166896796521854,0.11587797498886598,Normal,0,100
